Rechnungswesen V.8.27;;;;;;;;;;;;;;;;
653680/40950/2020;;;;;;;;;;;08.10.2020;;;;;
Adressliste;;;;;;;;;;;;;;;;
;;;;;;;;;;;;;;;;
X-Direct Works GmbH;;;;;;;;;;;Seite 1;;;;;
(Kreditorenstammdaten);;;;;;;;;;;;;;;;
;;;;;;;;;;;;;;;;
;;;;;;;;;;;;;;;;
;;;;;;;;;;;;;;;;
Konto;;Beschriftung;;Unternehmensgegenstand;;;;Postfach oder Straße;;;;Kunden-Nr.;;;;
;;;;;;;;;;;;;;;;
;;;;Telefon-Nr.;;;;PLZ / Ort;;;;USt-IdNr. o. Länderkennz.;;;;
;;;;;;;;;;;;;;;;
;;;;;;;;;;;;;;;;
70000;;Autohaus Staffel GmbH;;;;;;Müschener Str. 2;;;;119943;;;;
;;;;06431-9155-0;;;;65555 Limburg a.d. Lahn;;;;DE 113828959;;;;
;;;;;;;;;;;;;;;;
;;;;;;;;;;;;;;;;
70002;;AB Autoservice UG;;;;;;Am Wolfsgestell 2;;;;70002;;;;
;;;;02664-9935526;;;;56477 Rennerod, Westerw;;;;Deutschland;;;;
;;;;;;;;;;;;;;;;
;;;;;;;;;;;;;;;;
70003;;Allianz-AG;;;;;;;;;;70003;;;;
;;;;;;;;10900 Berlin;;;;DE 811150709;;;;
;;;;;;;;;;;;;;;;
;;;;;;;;;;;;;;;;
70004;;Autohaus Franz Beck;;;;;;Bischofsheimer Str. 68;;;;70004;;;;
;;;;;;;;97772 Wildflecken;;;;DE 132162332;;;;
;;;;;;;;;;;;;;;;
;;;;;;;;;;;;;;;;
70005;;Auto-Center Wahl GmbH & Co. KG;;;;;;;;;;70005;;;;
;;;;;;;; ;;;;DE 239418634;;;;
;;;;;;;;;;;;;;;;
;;;;;;;;;;;;;;;;
;;;;;;;;;;;;;;;;
70007;;ABAS Verkehrssicherungen GmbH;;;;;;;;;;70007;;;;
;;;;;;;;;;;;;;;;
;;;;;;;;;;;;;;;;
;;;;;;;;;;;;;;;;
70008;;Bernhard Diefenbach - Limburger PKW - An;;;;;;;;;;70008;;;;
;;;;;;;;;;;;;;;;
;;;;;;;;;;;;;;;;
;;;;;;;;;;;;;;;;
70009;;Anhänger Zimmermann;;;;;;Industriestr. 29;;;;70009;;;;
;;;;;;;;56218 Mülheim-Kärlich;;;;Deutschland;;;;
;;;;;;;;;;;;;;;;
;;;;;;;;;;;;;;;;
70010;;Amtsgericht-FFM;;;;;;Heiligkreuzgasse 34;;;;70010;;;;
;;;;069 1367 - 01;;;;60313 Frankfurt am Main;;;;Deutschland;;;;
;;;;;;;;;;;;;;;;
;;;;;;;;;;;;;;;;
70012;;Beyer;;;;;;Rother Str. 1;;;;5800988;;;;
;;;;02682 964660;;;;57539 Roth;;;;DE 264366934;;;;
;;;;;;;;;;;;;;;;
;;;;;;;;;;;;;;;;
70013;;Daimler Truck AG;;;;;;;;;;70013;;;;
;;;;;;;; ;;;;DE 321281771;;;;
;;;;;;;;;;;;;;;;
;;;;;;;;;;;;;;;;
70016;;Michael Schirra;;;;;;;;;;70016;;;;
;;;;;;;;;;;;;;;;
;;;;;;;;;;;;;;;;
70019;;ANVL - Leasing GmbH;;;;;;Fuggerstr. 44;;;;70019;;;;
;;;;;;;;90439 Nürnberg;;;;Deutschland;;;;
;;;;;;;;;;;;;;;;
;;;;;;;;;;;;;;;;
70021;;aufkleben.de;;;;;;;;;;70021;;;;
;;;;;;;;;;;;;;;;
;;;;;;;;;;;;;;;;
70023;;akf Bank;;;;;;;;;;70023;;;;
;;;;;;;;;;;;;;;;
;;;;;;;;;;;;;;;;
70026;;Allianz Esa GmbH;;;;;;;;;;70026;;;;
;;;;;;;;10900 Berlin;;;;DE 811150709;;;;
;;;;;;;;;;;;;;;;
;;;;;;;;;;;;;;;;
70027;;Arcadis Germany GmbH;;;;;;;;;;70027;;;;
;;;;;;;; ;;;;DE 224434451;;;;
;;;;;;;;;;;;;;;;
;;;;;;;;;;;;;;;;
70028;;Protection One GmbH;;;;;;;;;;70028;;;;
;;;;;;;; ;;;;DE 231760167;;;;
;;;;;;;;;;;;;;;;
;;;;;;;;;;;;;;;;
70029;;AOS Stahl & Co.KG;;;;;;;;;;70029;;;;
;;;;;;;;;;;;;;;;
;;;;;;;;;;;;;;;;
70030;;Baumann Logistik GmbH & Co. KG;;;;;;;;;;70030;;;;
;;;;;;;;;;;;;;;;
;;;;;;;;;;;;;;;;
;;;;;;;;;;;;;;;;
70031;;HTR Paletten-Service GmbH;;;;;;Am Seegraben 28;;;;70031;;;;
;;;;;;;;63505 Langenselbold;;;;DE 113558406;;;;
;;;;;;;;;;;;;;;;
;;;;;;;;;;;;;;;;
70032;;Rudolf Ostermann GmbH;;;;;;;;;;70032;;;;
;;;;;;;;;;;;;;;;
;;;;;;;;;;;;;;;;
70033;;Rohrreiniger Sattler GmbH;;;;;;Gotenstr. 2;;;;70033;;;;
;;;;;;;;56072 Koblenz;;;;DE 310564353;;;;
;;;;;;;;;;;;;;;;
;;;;;;;;;;;;;;;;
70034;;SKS - Kinkel Elektronik GmbH;;;;;;Im Industriegebiet 9;;;;70034;;;;
;;;;;;;;56472 Hof;;;;DE 813152592;;;;
;;;;;;;;;;;;;;;;
;;;;;;;;;;;;;;;;
70035;;Lampenwelt GmbH;;;;;;;;;;70035;;;;
;;;;;;;;;;;;;;;;
;;;;;;;;;;;;;;;;
70036;;Vematec GmbH;;;;;;;;;;70036;;;;
;;;;;;;;;;;;;;;;
;;;;;;;;;;;;;;;;
70037;;Festservice & Gastrobedarf Rausch;;;;;;;;;;70037;;;;
;;;;;;;;;;;;;;;;
;;;;;;;;;;;;;;;;
;;;;;;;;;;;;;;;;
70038;;CDB Claus Dienstel;;;;;;Meisenweg 10;;;;70038;;;;
;;;;;;;;64839 Münster;;;;DE 111695873;;;;
;;;;;;;;;;;;;;;;
;;;;;;;;;;;;;;;;
70039;;HC Höfer Chemie GmbH;;;;;;Zur Fabrik 2;;;;70039;;;;
;;;;;;;;66271 Kleinblittersdorf;;;;DE 309636047;;;;
;;;;;;;;;;;;;;;;
;;;;;;;;;;;;;;;;
70040;;Kruse GmbH & Co. KG;;;;;;Im Camisch 5;;;;70040;;;;
;;;;;;;;07768 Kahla;;;;DE 272669325;;;;
;;;;;;;;;;;;;;;;
;;;;;;;;;;;;;;;;
70041;;Mildan import & Export;;;;;;Mannheimer  Str.  15;;;;70041;;;;
;;;;;;;;60329 Frankfurt am Main;;;;DE 213065955;;;;
;;;;;;;;;;;;;;;;
;;;;;;;;;;;;;;;;
70042;;C-E-G Consulting-Engineers-Göttig GmbH i;;;;;;Bensheimer Str. 52;;;;70042;;;;
;;;;;;;;67547 Worms;;;;DE 224529566;;;;
;;;;;;;;;;;;;;;;
;;;;;;;;;;;;;;;;
;;;;;;;;;;;;;;;;
70043;;TIP Trailer Services Germany GmbH;;;;;;Bredowstraße 20;;;;70043;;;;
;;;;;040/350880;;;;22113 Hamburg;;;;DE 813129460;;;
;;;;;;;;;;;;;;;;
;;;;;;;;;;;;;;;;
70044;;Alrad Plettac Assco GmbH;;;;;;Postfach 5242;;;;70044;;;;
;;;;;;;;58829 Plattenberg;;;;DE 813876548;;;;
;;;;;;;;;;;;;;;;
;;;;;;;;;;;;;;;;
70045;;Oliver, Cerovski;;;;;;;;;;70045;;;;
;;;;;;;;;;;;;;;;
;;;;;;;;;;;;;;;;
70046;;GerüstBau Fedek;;;;;;Jossaweg 2;;;;70046;;;;
;;;;;;;;63071 Offenbach am Main;;;;Deutschland;;;;
;;;;;;;;;;;;;;;;
;;;;;;;;;;;;;;;;
70047;;Jacek Wojcik;;;;;;Habichtshöhe 41;;;;70047;;;;
;;;;;;;;59073 Hamm;;;;Deutschland;;;;
;;;;;;;;;;;;;;;;
;;;;;;;;;;;;;;;;
70048;;Dipl.-Ing. Hartmut M. Bähtz;;;;;;In den Weingärteb 174;;;;70048;;;;
;;;;;;;;65760 Eschborn;;;;Deutschland;;;;
;;;;;;;;;;;;;;;;
70049;;ABG Frankfurt Holding GmbH;;;;;;Niddastraße 107;;;;70049;;;;
;;;;;;;;60329 Frankfurt am Main;;;;DE 811280294;;;;
;;;;;;;;;;;;;;;;
;;;;;;;;;;;;;;;;
70050;;HD Brandschutz;;;;;;Oeserstr. 28;;;;70050;;;;
;;;;;;;;65934 Frankfurt am Main;;;;Deutschland;;;;
;;;;;;;;;;;;;;;;
;;;;;;;;;;;;;;;;
70100;;Drutex S.A.;;;;;;;;;;70100;;;;
;;;;;;;; ;;;;Deutschland;;;;
;;;;;;;;;;;;;;;;
;;;;;;;;;;;;;;;;
70101;;BG Bau Berufsgenossenschaft;;;;;;;;;;MM10.962.904.11;;;;
;;;;;02023983711;;;;42095 Wuppertal;;;;Deutschland;;;
;;;;;;;;;;;;;;;;
;;;;;;;;;;;;;;;;
;;;;;;;;;;;;;;;;
70102;;BMW AG Niederlassung Frankfurt;;;;;;Hanauer Landstr. 255;;;;70102;;;;
;;;;;;;;60314 Frankfurt;;;;DE 129273398;;;;
;;;;;;;;;;;;;;;;
;;;;;;;;;;;;;;;;
70104;;BMW Bank GmbH;;;;;;;;;;70104;;;;
;;;;;;;; ;;;;Deutschland;;;;
;;;;;;;;;;;;;;;;
;;;;;;;;;;;;;;;;
70105;;Bochmann + Neeb KG;;;;;;Hoenbergstr. 7a;;;;70105;;;;
;;;;06431-27000;;;;65555 Limburg a.d. Lahn;;;;DE 113291428;;;;
;;;;;;;;;;;;;;;;
;;;;;;;;;;;;;;;;
70106;;BMW AG - Niederlassung Offenbach;;;;;;Spessartring 9;;;;5228526;;;;
;;;;;069-850001-0;;;;63071 Offenbach am Main;;;;Deutschland;;;
;;;;;;;;;;;;;;;;
;;;;;;;;;;;;;;;;
70107;;Bundesanzeiger;;;;;;Postfach 100534;;;;100628608;;;;
;;;;0221 976680;;;;50735 Köln;;;;Deutschland;;;;
;;;;;;;;;;;;;;;;
;;;;;;;;;;;;;;;;
70111;;BWEAR Textiles & Merchandising GmbH;;;;;;Schäferstr. 8;;;;11676;;;;
;;;;;069-73997581;;;;63069 Offenbach/Main;;;;DE 309484410;;;
;;;;;;;;;;;;;;;;
;;;;;;;;;;;;;;;;
70113;;Boden und Gut;;;;;;;;;;70113;;;;
;;;;;;;;;;;;;;;;
;;;;;;;;;;;;;;;;
70115;;Becker Brennstoffhandel;;;;;;Raiffeisenstr. 7;;;;70115;;;;
;;;;;;;;36157 Ebersburg;;;;Deutschland;;;;
;;;;;;;;;;;;;;;;
;;;;;;;;;;;;;;;;
70116;;Baumaschinen Dietrich;;;;;;;;;;70116;;;;
;;;;;;;;;;;;;;;;
;;;;;;;;;;;;;;;;
70117;;BAUHAUS E.-Business GmbH & Co.KG;;;;;;Gutenbergstr. 21;;;;70117;;;;
;;;;;;;;68167 Mannheim;;;;Deutschland;;;;
;;;;;;;;;;;;;;;;
;;;;;;;;;;;;;;;;
70118;;BBS Beton-Bohrservice T. Blum;;;;;;Höhenfelder Hof;;;;70118;;;;
;;;;;;;;65589 Hadamar;;;;Deutschland;;;;
;;;;;;;;;;;;;;;;
;;;;;;;;;;;;;;;;
70119;;Baukran Logistik;;;;;;Silostr. 50;;;;70119;;;;
;;;;;;;;65929 Frankfurt am Main;;;;Deutschland;;;;
;;;;;;;;;;;;;;;;
;;;;;;;;;;;;;;;;
70120;;BVS Hessen/Rheinland-Pfalz/Saar GmbH & C;;;;;;Hintere Bleiche 38;;;;70120;;;;
;;;;;;;;55116 Mainz;;;;Deutschland;;;;
;;;;;;;;;;;;;;;;
;;;;;;;;;;;;;;;;
;;;;;;;;;;;;;;;;
70121;;BMW Niedelassung Saar-Pfalz;;;;;;;;;;70121;;;;
;;;;;;;;;;;;;;;;
;;;;;;;;;;;;;;;;
;;;;;;;;;;;;;;;;
70122;;Hein Industrieschilder;;;;;;Vertrieb@hein.eu;;;;70122;;;;
;;;;;;;;74889 Sinsheim;;;;DE 144336806;;;;
;;;;;;;;;;;;;;;;
;;;;;;;;;;;;;;;;
70123;;Hessia Baustoffe GmbH;;;;;;Eichenstraße 21;;;;70123;;;;
;;;;06930065650;;;;65933 Frankfurt am Main;;;;DE 114164108;;;;
;;;;;;;;;;;;;;;;
;;;;;;;;;;;;;;;;
70124;;Hessberger Baustellentechnik;;;;;;Lorscher Straße 90;;;;70124;;;;
;;;;;;;;60489 Frankfurt am Main;;;;DE 114164077;;;;
;;;;;;;;;;;;;;;;
;;;;;;;;;;;;;;;;
70125;;NV Techische Waren Werkzeuge & Maschinen;;;;;;Karlsruher Str. 10;;;;70125;;;;
;;;;;;;;60329 Frankfurt am Main;;;;DE 295315920;;;;
;;;;;;;;;;;;;;;;
;;;;;;;;;;;;;;;;
70128;;GeoIngenieure FLG GmbH;;;;;;Platanenallee 23;;;;70128;;;;
;;;;;;;;64832 Babenhausen;;;;DE 241909525;;;;
;;;;;;;;;;;;;;;;
;;;;;;;;;;;;;;;;
70129;;Rubart GmbH;;;;;;Erfurterstr 40;;;;70129;;;;
;;;;;;;;44143 ;;;;DE 275184748;;;;
;;;;;;;;;;;;;;;;
;;;;;;;;;;;;;;;;
70130;;Terrasond Gesellschaft für Baugrundunter;;;;;;St. Ulrich-Straße 12-16;;;;70130;;;;
;;;;;;;;89312 Günzburg;;;;DE 170527936;;;;
;;;;;;;;;;;;;;;;
;;;;;;;;;;;;;;;;
70202;;Car Plus Service GmbH;;;;;;;;;;70202;;;;
;;;;;;;;;;;;;;;;
;;;;;;;;;;;;;;;;
70203;;CDD-Container Dienst Dreieich Totzek GmbH;;;;;;Daimlerstr. 7;;;;70203;;;;
;;;;;;;;63303 Dreieich;;;;Deutschland;;;;
;;;;;;;;;;;;;;;;
;;;;;;;;;;;;;;;;
70204;;C.G. Garten- und Landschaftsbau;;;;;;Dielstraße 12;;;;70204;;;;
;;;;;;;;65582 Diez;;;;Deutschland;;;;
;;;;;;;;;;;;;;;;
;;;;;;;;;;;;;;;;
70205;;Containerservice Frankfurt GmbH;;;;;;Eichenstr. 83;;;;70205;;;;
;;;;;;;;65933 Frankfurt am Main;;;;Deutschland;;;;
;;;;;;;;;;;;;;;;
;;;;;;;;;;;;;;;;
70300;;DIS GmbH;;;;;;Fritz Mueller Str. 105;;;;10320;;;;
;;;;0711-9012538-0;;;;73730 Esslingen am Neckar;;;;DE 240238749;;;;
;;;;;;;;;;;;;;;;
;;;;;;;;;;;;;;;;
70301;;DEKRA Automobil GmbH;;;;;;Wallersheimer Weg 63-67;;;;70301;;;;
;;;;0261 80730;;;;56070 Koblenz;;;;DE 811297970;;;;
;;;;;;;;;;;;;;;;
;;;;;;;;;;;;;;;;
70303;;DEKUSHOP.de;;;;;;Lindleystr. 7;;;;70303;;;;
;;;;;;;;60314 Frankfurt am Main;;;;Deutschland;;;;
;;;;;;;;;;;;;;;;
;;;;;;;;;;;;;;;;
70304;;DKV;;;;;;;;;;70304;;;;
;;;;;;;;;;;;;;;;
;;;;;;;;;;;;;;;;
70306;;DB s.c. Slawonmir Bankowski, Maciej Daas;;;;;;;;;;70306;;;;
;;;;;;;; ;;;;PL 5891938554;;;;
;;;;;;;;;;;;;;;;
;;;;;;;;;;;;;;;;
;;;;;;;;;;;;;;;;
70307;;Artur Diez - Holzhandel;;;;;;Postfach 1132;;;;70307;;;;
;;;;;;;;35606 Solms;;;;Deutschland;;;;
;;;;;;;;;;;;;;;;
;;;;;;;;;;;;;;;;
70308;;Karl Dudler Architekten;;;;;;Schwanthaler Str. 59;;;;70308;;;;
;;;;;;;;60596 Frankfurt am Main;;;;Deutschland;;;;
;;;;;;;;;;;;;;;;
;;;;;;;;;;;;;;;;
70309;;Mobi Sanitärsysteme GmbH;;;;;;Ziegelei Str. 7;;;;70309;;;;
;;;;;;;;86368 Gersthofen;;;;DE 175427024;;;;
;;;;;;;;;;;;;;;;
70310;;Duessel-Stapler Handelsvertretung;;;;;;An der Lehrkuhle 19;;;;70310;;;;
;;;;;;;;40625 Düsseldorf;;;;Deutschland;;;;
;;;;;;;;;;;;;;;;
;;;;;;;;;;;;;;;;
70400;;euroShell Deutschland GmbH & Co.KG;;;;;;Suhrenkamp 71-77;;;;70400;;;;
;;;;;040-809080500;;;;22335 Hamburg;;;;DE 815303369;;;
;;;;;;;;;;;;;;;;
;;;;;;;;;;;;;;;;
70403;;engelbert & strauss;;;;;;;;;;70403;;;;
;;;;;;;;;;;;;;;;
;;;;;;;;;;;;;;;;
70404;;Elektro Cicak d.o.o. za trgovinu - Kroat;;;;;;;;;;70404;;;;
;;;;;;;;;;;;;;;;
;;;;;;;;;;;;;;;;
;;;;;;;;;;;;;;;;
70405;;Elektro Benischke;;;;;;;;;;70405;;;;
;;;;;;;;;;;;;;;;
;;;;;;;;;;;;;;;;
;;;;;;;;;;;;;;;;
;;;;;;;;;;;;;;;;
;;;;;;;; ;;;;Deutschland;;;;
;;;;;;;;;;;;;;;;
;;;;;;;;;;;;;;;;
70503;;Fay & Schaaf;;;;;;;;;;70503;;;;
;;;;;;;;;;;;;;;;
;;;;;;;;;;;;;;;;
;;;;;;;;;;;;;;;;
;;;;;;;;;;;;;;;;
70505;;ing.-büro Fischer & Werle;;;;;;;;;;70505;;;;
;;;;;;;;;;;;;;;;
;;;;;;;;;;;;;;;;
70506;;Feickert Spezial Tiefbau GmbH;;;;;;;;;;70506;;;;
;;;;;;;;;;;;;;;;
;;;;;;;;;;;;;;;;
70600;;Bördner GmbH;;;;;;;;;;70600;;;;
;;;;;;;; ;;;;Deutschland;;;;
;;;;;;;;;;;;;;;;
;;;;;;;;;;;;;;;;
70601;;GSW Elektro Anlagenbau GmbH;;;;;;St. Walbertusstr. 8;;;;70601;;;;
;;;;;0611-502657;;;;65207 Wiesbaden;;;;Deutschland;;;
;;;;;;;;;;;;;;;;
;;;;;;;;;;;;;;;;
70606;;Gefas FFM GmbH;;;;;;Hostatostr. 35;;;;70606;;;;
;;;;;;;;65929 Frankfurt am Main;;;;Deutschland;;;;
;;;;;;;;;;;;;;;;
;;;;;;;;;;;;;;;;
70610;;goritzka akustik;;;;;;Handelsplatz 1;;;;70610;;;;
;;;;;;;;04319 Leipzig;;;;Deutschland;;;;
;;;;;;;;;;;;;;;;
;;;;;;;;;;;;;;;;
70704;;Myland GmbH;;;;;;Sophienstr. 78;;;;70704;;;;Group
;;;;;;;;60487 Frankfurt am Main;;;;Deutschland;;;;
;;;;;;;;;;;;;;;;
;;;;;;;;;;;;;;;;
;;;;035144834550;;;;35394 Gießen;;;;Deutschland;;;;
;;;;;;;;;;;;;;;;
70706;;Hessen Container Klaus Levy;;;;;;Homburger Landstr. 247;;;;70706;;;;
;;;;;;;;60435 Frankfurt am Main;;;;Deutschland;;;;
;;;;;;;;;;;;;;;;
;;;;;;;;;;;;;;;;
70707;;Hein Maschinen Mietservice;;;;;;;;;;70707;;;;
;;;;;;;;;;;;;;;;
;;;;;;;;;;;;;;;;
70708;;H&H Metallbau GbR;;;;;;Rübenstück 1;;;;70708;;;;
;;;;;;;;35794 Mengerskirchen;;;;Deutschland;;;;
;;;;;;;;;;;;;;;;
;;;;;;;;;;;;;;;;
70711;;Hofmann-Rieg Stahlhandel GmbH;;;;;;;;;;70711;;;;
;;;;;;;;;;;;;;;;
;;;;;;;;;;;;;;;;
;;;;;;;;;;;;;;;;
70712;;H.D. Bau GmbH;;;;;;;;;;70712;;;;
;;;;;;;;;;;;;;;;
;;;;;;;;;;;;;;;;
70713;;Hilti Deutschland AG;;;;;;;;;;70713;;;;
;;;;;;;;;;;;;;;;
;;;;;;;;;;;;;;;;
70714;;Hornbach Baumarkt AG;;;;;;Hornbachstr. 11;;;;70714;;;;
;;;;;;;;76879 Bornheim;;;;DE 151116749;;;;
;;;;;;;;;;;;;;;;
;;;;;;;;;;;;;;;;
70715;;HMS;;;;;;Kiefeernstraße 15;;;;70715;;;Storch;
;;;;;;;;65933 Frankfurt am Main;;;;Deutschland;;;;
;;;;;;;;;;;;;;;;
;;;;;;;;;;;;;;;;
70801;;IHK Limburg;;;;;;Walderdorffstr. 7;;;;478437;;;;
;;;;06431 2100;;;;65549 Limburg a.d. Lahn;;;;Deutschland;;;;
;;;;;;;;;;;;;;;;
;;;;;;;;;;;;;;;;
70803;;Ingenieur - Büro Jung;;;;;;;;;;70803;;;;
;;;;;;;;;;;;;;;;
;;;;;;;;;;;;;;;;
70804;;INSERNO Baugesellschaft mbH;;;;;;Saatwinkler Damm 42/43;;;;70804;;;;
;;;;;;;;13627 Berlin;;;;Deutschland;;;;
;;;;;;;;;;;;;;;;
;;;;;;;;;;;;;;;;
70805;;TP - Ingenieur GbR (Dipl. Ing. Sait Diya;;;;;;;;;;70805;;;;
;;;;;;;;;;;;;;;;
;;;;;;;;;;;;;;;;
;;;;;;;;;;;;;;;;
70901;;JL Baudekoration GmbH;;;;;;Frankfurter Str. 105;;;;70901;;;;
;;;;06103-960400-9;;;;63303 Dreieich;;;;Deutschland;;;;
;;;;;;;;;;;;;;;;
;;;;;;;;;;;;;;;;
71001;;Kran-Burgard GmbH;;;;;;Otto-Hahn-Straße 18;;;;71001;;;;
;;;;;;;;35510 Butzbach;;;;Deutschland;;;;
;;;;;;;;;;;;;;;;
;;;;;;;;;;;;;;;;
71002;;Klapper, Thomas Accounting, Projects;;;;;;Iserbachstr. 38;;;;002;;;;
;;;;;06472-8314567;;;;35789 Weilmünster;;;;Deutschland;;;
;;;;;;;;;;;;;;;;
;;;;;;;;;;;;;;;;
71009;;Käuferle GmbH;;;;;;;;;;71009;;;;
;;;;;;;;;;;;;;;;
;;;;;;;;;;;;;;;;
71011;;Engel & Jung GbmH & Co. KG;;;;;;Pfingstweide 4;;;;71011;;;;
;;;;;06406 9161 - 0;;;;35457 Lollar;;;;DE 112644836;;;
;;;;;;;;;;;;;;;;
;;;;;;;;;;;;;;;;
71012;;Friedrich Bauzentrum GmbH & Co.KG;;;;;;Postfach 01 20;;;;200421;;;;
;;;;;06431 95 64 - 0;;;;65604 Elz;;;;DE 244906842;;;
;;;;;;;;;;;;;;;;
;;;;;;;;;;;;;;;;
71014;;Eisen Fischer;;;;;;Postfach 22 62;;;;71014;;;;
;;;;06431 50 20;;;;65555 Limburg-Offheim;;;;DE 113292105;;;;
;;;;;;;;;;;;;;;;
;;;;;;;;;;;;;;;;
71100;;Landeshauptstadt Wiesbaden;;;;;;Georg-Marshall-Str. 4;;;;71100;;;;
;;;;;;;;65197 Wiesbaden;;;;Deutschland;;;;
;;;;;;;;;;;;;;;;
;;;;;;;;;;;;;;;;
71101;;Lia Baudekoration;;;;;;Friedhofstr. 54a;;;;71101;;;;
;;;;;;;;63500 Seligenstadt;;;;Deutschland;;;;
;;;;;;;;;;;;;;;;
;;;;;;;;;;;;;;;;
71104;;LAU SIU PUI;;;;;;;;;;71104;;;;
;;;;;;;;;;;;;;;;
;;;;;;;;;;;;;;;;
71202;;KBM Motorfahrzeuge GmbH & Co.KG Mercedes;;;;;;Breslauer Str. 84-86;;;;666924;;;;
;;;;;;;;56566 Neuwied;;;;DE 149247682;;;;
;;;;;;;;;;;;;;;;
;;;;;;;;;;;;;;;;
71203;;MTJZ;;;;;;Nibelungenplatz 3;;;;71203;;;;
;;;;069 9055993;;;;60318 Frankfurt am Main;;;;DE 199005244;;;;
;;;;;;;;;;;;;;;;
71205;;Miet Zentrum OF;;;;;;Schumannstr. 74;;;;71205;;;;
;;;;;;;;63069 Offenbach am Main;;;;Deutschland;;;;
;;;;;;;;;;;;;;;;
;;;;;;;;;;;;;;;;
71206;;MAGNI Deutschland GmbH;;;;;;Schachtstr. 15;;;;71206;;;;
;;;;;;;;59379 Selm;;;;Deutschland;;;;
;;;;;;;;;;;;;;;;
;;;;;;;;;;;;;;;;
71207;;Mandausch Containerdienst GmbH;;;;;;;;;;71207;;;;
;;;;;;;;;;;;;;;;
;;;;;;;;;;;;;;;;
;;;;;;;;;;;;;;;;
71301;;NOWAWESER Spolka z.o.o.- PL;;;;;;;;;;71301;;;;
;;;;;;;;;;;;;;;;
;;;;;;;;;;;;;;;;
;;;;;;;;;;;;;;;;
71302;;NOSTA  Sea & Air GmbH;;;;;;Wendenstr. 4;;;;71302;;;;
;;;;;;;;20097 Hamburg;;;;Deutschland;;;;
;;;;;;;;;;;;;;;;
;;;;;;;;;;;;;;;;
71400;;Offenbacher Schlüsselzentrale;;;;;;Bieberer Str. 22;;;;1515;;;;
;;;;;;;;63065 Offenbach am Main;;;;DE 113510660;;;;
;;;;;;;;;;;;;;;;
;;;;;;;;;;;;;;;;
71401;;Lackierzentrum Seltmann Gm;;;;;;Brückeberg 1b;;;;71401;;;;
;;;;;064315678;;;;65594 Runkel;;;;Deutschland;;;
;;;;;;;;;;;;;;;;
;;;;;;;;;;;;;;;;
;;;;;;;; ;;;;Deutschland;;;;
;;;;;;;;;;;;;;;;
71600;;Q-railing Central Europe GmbH;;;;;;Hanns-Schwindt-Str. 8;;;;71600;;;;
;;;;;;;;81829 München;;;;DE 814592618;;;;
;;;;;;;;;;;;;;;;
;;;;;;;;;;;;;;;;
71702;;Renault Leasing;;;;;;;;;;71702;;;;
;;;;;;;; ;;;;Deutschland;;;;
;;;;;;;;;;;;;;;;
;;;;;;;;;;;;;;;;
71703;;Regierungspräsidium Kassel;;;;;;Kurt-Schumacher-Str. 2;;;;71703;;;;
;;;;;;;;34117 Kassel;;;;Deutschland;;;;
;;;;;;;;;;;;;;;;
;;;;;;;;;;;;;;;;
71704;;Regierungspräsidium DA;;;;;;;;;;71704;;;;
;;;;;;;;;;;;;;;;
;;;;;;;;;;;;;;;;
;;;;;;;;;;;;;;;;
;;;;;;;;;;;;;;;;
71706;;Wolfgang Reulbach;;;;;;;;;;71706;;;;
;;;;;;;;;;;;;;;;
;;;;;;;;;;;;;;;;
71707;;RAKUTEN Deutschland GmbH;;;;;;;;;;71707;;;;
;;;;;;;;;;;;;;;;
;;;;;;;;;;;;;;;;
;;;;;;;;;;;;;;;;
71801;;Stadtverwaltung (Amt 32);;;;;;Kleyerstr. 86;;;;71801;;;;
;;;;;;;;60326 Frankfurt am Main;;;;Deutschland;;;;
;;;;;;;;;;;;;;;;
;;;;;;;;;;;;;;;;
71803;;SC-Leasing GmbH;;;;;;;;;;71803;;;;
;;;;;;;; ;;;;Deutschland;;;;
;;;;;;;;;;;;;;;;
;;;;;;;;;;;;;;;;
71804;;Autohaus Bilia GmbH & Co.KG;;;;;;An der Meil 6;;;;2136452;;;;
;;;;;06431-5295-0;;;;65555 Limburg a.d. Lahn;;;;DE 191213270;;;
;;;;;;;;;;;;;;;;
;;;;;;;;;;;;;;;;
71805;;Stadt Hadamar;;;;;;Postfach 1129;;;;71805;;;;
;;;;;;;; Hadamar;;;;Deutschland;;;;
;;;;;;;;;;;;;;;;
;;;;;;;;;;;;;;;;
71814;;Stadt Dreieich;;;;;;;;;;71814;;;;
;;;;;06103-601145;;;; ;;;;Deutschland;;;
;;;;;;;;;;;;;;;;
;;;;;;;;;;;;;;;;
;;;;;;;;65594 Runkel, Lahn;;;;Deutschland;;;;
;;;;;;;;;;;;;;;;
71821;;smart inside Marcini LIS - Pl;;;;;;;;;;71821;;;;
;;;;;;;; ;;;;PL 9570947534;;;;
;;;;;;;;;;;;;;;;
;;;;;;;;;;;;;;;;
71822;;Semcoglas GmbH;;;;;;Wilhemstr. 101;;;;71822;;;;
;;;;;;;;35392 Gießen;;;;Deutschland;;;;
;;;;;;;;;;;;;;;;
;;;;;;;;;;;;;;;;
71824;;Syna GmbH;;;;;;;;;;71824;;;;
;;;;;;;;;;;;;;;;
;;;;;;;;;;;;;;;;
71825;;Behälterdienst Sommerkorn GmbH;;;;;;An den Drei Hasen 43;;;;71825;;;;
;;;;;;;;61440 Oberursel;;;;Deutschland;;;;
;;;;;;;;;;;;;;;;
;;;;;;;;;;;;;;;;
71826;;Ali Simsek;;;;;;;;;;71826;;;;
;;;;;;;;;;;;;;;;
;;;;;;;;;;;;;;;;
71827;;SIG Schroll Consult GmbH;;;;;;;;;;71827;;;;
;;;;;;;;;;;;;;;;
;;;;;;;;;;;;;;;;
71900;;Gilles GmbH;;;;;;;;;;71900;;;;
;;;;;;;; ;;;;Deutschland;;;;
;;;;;;;;;;;;;;;;
;;;;;;;;;;;;;;;;
71902;;Teamfloor Bau GmbH;;;;;;Rückersteg 14;;;;71902;;;;
;;;;;;;;56242 Selters;;;;Deutschland;;;;
;;;;;;;;;;;;;;;;
;;;;;;;;;;;;;;;;
71903;;Thomas Nutzfahrzeuge GmbH;;;;;;;;;;71903;;;;
;;;;;;;;;;;;;;;;
;;;;;;;;;;;;;;;;
;;;;;;;;;;;;;;;;
72000;;Üstün, Murat;;;;;;Koblenzer Str. 11;;;;72000;;;;
;;;;;;;;56412 Nentershausen, Westerw;;;;Deutschland;;;;
;;;;;;;;;;;;;;;;
;;;;;;;;;;;;;;;;
72010;;Herrmann Steuerberatungs GmbH;;;;;;Bismarckstraße 2;;;;40114;;;;
;;;;;06471 9291 - 0;;;;35781 Weilburg;;;;DE 275009864;;;
;;;;;;;;;;;;;;;;
;;;;;;;;;;;;;;;;
72012;;Kfz-Mietung;;;;;;Torgelower Straße 24;;;;72012;;;;
;;;;03973 - 2030-0;;;;17309 Pasewalk;;;;Deutschland;;;;
;;;;;;;;;;;;;;;;
;;;;;;;;;;;;;;;;
72015;;Eugen König GmbH;;;;;;Postfach 100322;;;;1001138;;;;
;;;;0261-8071 0;;;;56033 Koblenz;;;;DE 148786384;;;;
;;;;;;;;;;;;;;;;
;;;;;;;;;;;;;;;;
72200;;WiA GmbH;;;;;;Am nußkopf 6;;;;72200;;;;
;;;;;;;;66578 Schiffweiler;;;;Deutschland;;;;
;;;;;;;;;;;;;;;;
;;;;;;;;;;;;;;;;
72206;;Weisbrod + Partner w+p;;;;;;;;;;72206;;;;
;;;;;;;;;;;;;;;;
;;;;;;;;;;;;;;;;
72207;;wego Systembaustoffe GmbH;;;;;;;;;;72207;;;;
;;;;;;;;;;;;;;;;
;;;;;;;;;;;;;;;;
;;;;;;;;;;;;;;;;
72501;;Zachodnia Budowlanka;;;;;;;;;;72501;;;;
;;;;;;;; ;;;;DE 263378882;;;;
;;;;;;;;;;;;;;;;
73010;;Obijou Baumaschinen;;;;;;Hinter den Eichen 4;;;;73010;;;;
;;;;06431-56 78;;;;65604 Elz;;;;DE 243721321;;;;
;;;;;;;;;;;;;;;;
;;;;;;;;;;;;;;;;
73011;;Wagner GmbH;;;;;;Vor den Eichen 8;;;;73011;;;;
;;;;06431-2200 5;;;;65604 Elz;;;;DE 815592351;;;;
;;;;;;;;;;;;;;;;
;;;;;;;;;;;;;;;;
73012;;Gartentechnik;;;;;;Elzer Straße 30;;;;73012;;;;
;;;;06431 - 9352 20;;;;65556 Limburg a.d. Lahn;;;;DE 814567834;;;;
;;;;;;;;;;;;;;;;
;;;;;;;;;;;;;;;;
73013;;Nicko-Eko Metal Ltd.;;;;;;Ul. Ivan Denkoglu N. 34;;;;73013;;;;
;;;;;;;;1000 Sofia - Bulgarien;;;;BG 201968240;;;;
;;;;;;;;;;;;;;;;
;;;;;;;;;;;;;;;;
73015;;Salvatore Maglie;;;;;;Steedener Hauptstr. 80;;;;73015;;;;
;;;;;;;;65594 Runkel-Steeden;;;;Deutschland;;;;
;;;;;;;;;;;;;;;;
;;;;;;;;;;;;;;;;
73050;;Marx Gmbh;;;;;;;;;;73050;;;;
;;;;;;;; ;;;;Deutschland;;;;
;;;;;;;;;;;;;;;;
;;;;;;;;;;;;;;;;
73061;;MKM Brandschutz;;;;;;;;;;73061;;;;
;;;;;;;;;;;;;;;;
;;;;;;;;;;;;;;;;
;;;;;;;;;;;;;;;;
;;;;;;;;;;;;;;;;
74010;;RohrStar;;;;;;Justus-Staudt-Straße 8;;;;74010;;;;
;;;;06431-5981730;;;;65555 Limburg a.d. Lahn;;;;DE 242914420;;;;
;;;;;;;;;;;;;;;;
;;;;;;;;;;;;;;;;
74020;;Roth;;;;;;Industriestraße 3-5;;;;74020;;;;
;;;;06432 920292;;;;65582 Diez;;;;Deutschland;;;;
;;;;;;;;;;;;;;;;
;;;;;;;;;;;;;;;;
74031;;RSB GmbH;;;;;;;;;;74031;;;;
;;;;;;;;;;;;;;;;
;;;;;;;;;;;;;;;;
75001;;Stieb Bedachungen;;;;;;;;;;75001;;;;
;;;;;;;;;;;;;;;;
;;;;;;;;;;;;;;;;
75051;;TOITOI&DIXI;;;;;;;;;;75051;;;;
;;;;;;;;;;;;;;;;
;;;;;;;;;;;;;;;;
77101;;WE MA TEC GmbH T;;;;;;In den Elf Morgen 8;;;;112529;;;;
;;;;06431-2121 40;;;;65549 Limburg a.d. Lahn;;;;DE 811781024;;;;
;;;;;;;;;;;;;;;;
;;;;;;;;;;;;;;;;
77103;;Andreas Wirsing;;;;;;;;;;77103;;;;
;;;;;;;;;;;;;;;;
;;;;;;;;;;;;;;;;
77201;;Würth GmbH;;;;;;;;;;77201;;;;
;;;;;;;; ;;;;Deutschland;;;;
;;;;;;;;;;;;;;;;
;;;;;;;;;;;;;;;;
77203;;Weltbild GmbH & Co.KG;;;;;;;;;;77203;;;;
;;;;;;;; ;;;;DE 815516977;;;;
;;;;;;;;;;;;;;;;
;;;;;;;;;;;;;;;;
77204;;Winkelshop.de;;;;;;;;;;77204;;;;
;;;;;;;;;;;;;;;;
;;;;;;;;;;;;;;;;
77205;;Werner Objekteinrichtungen GmbH;;;;;;Strutweg 15;;;;77205;;;;
;;;;;;;;97653 Bischofsheim a d Rhön-Unterwei;;;;DE 813334876;;;;
;;;;;;;;;;;;;;;;
;;;;;;;;;;;;;;;;
77206;;Warenhandels GmbH & Co.. Leasing KG;;;;;;Am Taschinger Berg 10;;;;77206;;;;
;;;;;;;;93413 Cham;;;;DE 161011456;;;;
;;;;;;;;;;;;;;;;
;;;;;;;;;;;;;;;;
77207;;Wolfgang Reutbach - BaggerArbeiten Allro;;;;;;;;;;77207;;;;
;;;;;;;;;;;;;;;;
;;;;;;;;;;;;;;;;
;;;;;;;;;;;;;;;;
77208;;White Lion GmbH;;;;;;;;;;77208;;;;
;;;;;;;;;;;;;;;;
;;;;;;;;;;;;;;;;
77209;;Troii Software GmbH;;;;;;Industriezeile 54;;;;77209;;;;
;;;;;;;;5280 Braunau;;;;Österreich;;;;
;;;;;;;;;;;;;;;;
;;;;;;;;;;;;;;;;
;;;;;;;;56412 Niederelbert;;;;Deutschland;;;;
;;;;;;;;;;;;;;;;
;;;;;;;;;;;;;;;;
;;;;;;;;Status 2020*FLH;;;;;;;;
